Постельное белье из поплина Золотой лист ;https://rash.su/files/catalog/photos/2053/img/zolotoy-list-2053-1-6.jpg;Хлопок 100% (поплин);1960;ЕВРО
Постельное белье из поплина Доминго ;https://rash.su/files/catalog/photos/2052/img/domingo-2052-1-6.jpg;Хлопок 100% (поплин);2270;Семейный
Постельное белье из поплина Барокко ;https://rash.su/files/catalog/photos/2051/img/barokko-2051-1-6.jpg;Хлопок 100% (поплин);1420;1,5 сп
Постельное белье из поплина Ажур ;https://rash.su/files/catalog/photos/2036/img/ajur-2036-1-6.jpg;Хлопок 100% (поплин);1420;1,5 сп
Постельное белье из поплина Ажур ;https://rash.su/files/catalog/photos/2036/img/ajur-2036-1-6.jpg;Хлопок 100% (поплин);1740;2 сп евро
Постельное белье из поплина Ажур ;https://rash.su/files/catalog/photos/2036/img/ajur-2036-1-6.jpg;Хлопок 100% (поплин);1960;ЕВРО
Постельное белье из поплина Ажур ;https://rash.su/files/catalog/photos/2036/img/ajur-2036-1-6.jpg;Хлопок 100% (поплин);2270;Семейный
Постельное белье из поплина Сердечки ;https://rash.su/files/catalog/photos/2024/img/serdechki-2024-1-6.jpg;Хлопок 100% (поплин);1420;1,5 сп
Постельное белье из поплина Стиляги ;https://rash.su/files/catalog/photos/2023/img/stilyagi-2023-1-6.jpg;Хлопок 100% (поплин);1420;1,5 сп
Постельное белье из поплина Вереск ;https://rash.su/files/catalog/photos/2008/img/veresk-2008-1-6.jpg;Хлопок 100% (поплин);1420;1,5 сп
Постельное белье из поплина Вереск ;https://rash.su/files/catalog/photos/2008/img/veresk-2008-1-6.jpg;Хлопок 100% (поплин);1960;ЕВРО
Постельное белье из поплина Вереск ;https://rash.su/files/catalog/photos/2008/img/veresk-2008-1-6.jpg;Хлопок 100% (поплин);2270;Семейный
Постельное белье из поплина Астра ;https://rash.su/files/catalog/photos/1996/img/astra-1996-1-6.jpg;Хлопок 100% (поплин);1420;1,5 сп
Постельное белье из поплина Астра ;https://rash.su/files/catalog/photos/1996/img/astra-1996-1-6.jpg;Хлопок 100% (поплин);1740;2 сп евро
Постельное белье из поплина Астра ;https://rash.su/files/catalog/photos/1996/img/astra-1996-1-6.jpg;Хлопок 100% (поплин);1960;ЕВРО
Постельное белье из поплина Астра ;https://rash.su/files/catalog/photos/1996/img/astra-1996-1-6.jpg;Хлопок 100% (поплин);2270;Семейный
Постельное белье из поплина Латте ;https://rash.su/files/catalog/photos/1964/img/latte-1964-1-6.jpg;Хлопок 100% (поплин);1420;1,5 сп
Постельное белье из поплина Латте ;https://rash.su/files/catalog/photos/1964/img/latte-1964-1-6.jpg;Хлопок 100% (поплин);1740;2 сп евро
Постельное белье из поплина Латте ;https://rash.su/files/catalog/photos/1964/img/latte-1964-1-6.jpg;Хлопок 100% (поплин);1960;ЕВРО
Постельное белье из поплина Латте ;https://rash.su/files/catalog/photos/1964/img/latte-1964-1-6.jpg;Хлопок 100% (поплин);2270;Семейный
Постельное белье из поплина Тигры ;https://rash.su/files/catalog/photos/1929/img/tigry-1929-1-6.jpg;Хлопок 100% (поплин);1960;ЕВРО
Постельное белье из поплина Тигры ;https://rash.su/files/catalog/photos/1929/img/tigry-1929-1-6.jpg;Хлопок 100% (поплин);2270;Семейный
Постельное белье из поплина Авокадо ;https://rash.su/files/catalog/photos/1913/img/avokado-1913-1-6.jpg;Хлопок 100% (поплин);1420;1,5 сп
Постельное белье из поплина Авокадо ;https://rash.su/files/catalog/photos/1913/img/avokado-1913-1-6.jpg;Хлопок 100% (поплин);1740;2 сп евро
Постельное белье из поплина Авокадо ;https://rash.su/files/catalog/photos/1913/img/avokado-1913-1-6.jpg;Хлопок 100% (поплин);1960;ЕВРО
Постельное белье из поплина Авокадо ;https://rash.su/files/catalog/photos/1913/img/avokado-1913-1-6.jpg;Хлопок 100% (поплин);2270;Семейный
Постельное белье из поплина Кнопки ;https://rash.su/files/catalog/photos/1911/img/knopki-1911-1-6.jpg;Хлопок 100% (поплин);1420;1,5 сп
Постельное белье из поплина Эфес ;https://rash.su/files/catalog/photos/1871/img/efes-1871-1-6.jpg;Хлопок 100% (поплин);1420;1,5 сп
Постельное белье из поплина Эфес ;https://rash.su/files/catalog/photos/1871/img/efes-1871-1-6.jpg;Хлопок 100% (поплин);1740;2 сп евро
Постельное белье из поплина Эфес ;https://rash.su/files/catalog/photos/1871/img/efes-1871-1-6.jpg;Хлопок 100% (поплин);1960;ЕВРО
Постельное белье из поплина Эфес ;https://rash.su/files/catalog/photos/1871/img/efes-1871-1-6.jpg;Хлопок 100% (поплин);2270;Семейный
Постельное белье из поплина Аллегро ;https://rash.su/files/catalog/photos/1837/img/allegro-1837-1-6.jpg;Хлопок 100% (поплин);1420;1,5 сп
Постельное белье из поплина Аллегро ;https://rash.su/files/catalog/photos/1837/img/allegro-1837-1-6.jpg;Хлопок 100% (поплин);1960;ЕВРО
Постельное белье из поплина Ти амо ;https://rash.su/files/catalog/photos/1775/img/ti-amo-1775-1-6.jpg;Хлопок 100% ((поплин);1420;1,5 сп
Постельное белье из поплина Ти амо ;https://rash.su/files/catalog/photos/1775/img/ti-amo-1775-1-6.jpg;Хлопок 100% ((поплин);1740;2 сп евро
Постельное белье из поплина Ти амо ;https://rash.su/files/catalog/photos/1775/img/ti-amo-1775-1-6.jpg;Хлопок 100% ((поплин);1960;ЕВРО
Постельное белье из поплина Ти амо ;https://rash.su/files/catalog/photos/1775/img/ti-amo-1775-1-6.jpg;Хлопок 100% ((поплин);2270;Семейный
Постельное белье из поплина Севилья ;https://rash.su/files/catalog/photos/1767/img/sevilya-1767-1-6.jpg;Хлопок 100% (поплин);1420;1,5 сп
Постельное белье из поплина Севилья ;https://rash.su/files/catalog/photos/1767/img/sevilya-1767-1-6.jpg;Хлопок 100% (поплин);1740;2 сп евро
Постельное белье из поплина Севилья ;https://rash.su/files/catalog/photos/1767/img/sevilya-1767-1-6.jpg;Хлопок 100% (поплин);1960;ЕВРО
Постельное белье из поплина Севилья ;https://rash.su/files/catalog/photos/1767/img/sevilya-1767-1-6.jpg;Хлопок 100% (поплин);2270;Семейный
Постельное белье из поплина Ева ;https://rash.su/files/catalog/photos/1760/img/eva-1760-2-6.jpg;Хлопок 100% (поплин);1420;1,5 сп
Постельное белье из поплина Ева ;https://rash.su/files/catalog/photos/1760/img/eva-1760-2-6.jpg;Хлопок 100% (поплин);1960;ЕВРО
Постельное белье из поплина Шекспир ;https://rash.su/files/catalog/photos/1759/img/shekspir-1759-1-6.jpg;Хлопок 100% (поплин);1420;1,5 сп
Постельное белье из поплина Шекспир ;https://rash.su/files/catalog/photos/1759/img/shekspir-1759-1-6.jpg;Хлопок 100% (поплин);1740;2 сп евро
Постельное белье из поплина Неон ;https://rash.su/files/catalog/photos/1715/img/neon-1715-1-6.jpg;Хлопок 100% (поплин);1420;1,5 сп
Постельное белье из поплина Неон ;https://rash.su/files/catalog/photos/1715/img/neon-1715-1-6.jpg;Хлопок 100% (поплин);1960;ЕВРО
Постельное белье из поплина Неон ;https://rash.su/files/catalog/photos/1715/img/neon-1715-1-6.jpg;Хлопок 100% (поплин);2270;Семейный
Постельное белье из поплина Офелия ;https://rash.su/files/catalog/photos/1714/img/ofeliya-1714-1-6.jpg;Хлопок 100% (поплин);1420;1,5 сп
Постельное белье из поплина Офелия ;https://rash.su/files/catalog/photos/1714/img/ofeliya-1714-1-6.jpg;Хлопок 100% (поплин);1740;2 сп евро
Постельное белье из поплина Офелия ;https://rash.su/files/catalog/photos/1714/img/ofeliya-1714-1-6.jpg;Хлопок 100% (поплин);2270;Семейный
Постельное белье из поплина Неаполь ;https://rash.su/files/catalog/photos/1691/img/neapol-1691-1-6.jpg;Хлопок 100% (поплин);1420;1,5 сп
Постельное белье из поплина Ёжики ;https://rash.su/files/catalog/photos/1690/img/ejiki-1690-1-6.jpg;Хлопок 100% (поплин);1420;1,5 сп
Постельное белье из поплина Ёжики ;https://rash.su/files/catalog/photos/1690/img/ejiki-1690-1-6.jpg;Хлопок 100% (поплин);1740;2 сп евро
Постельное белье из поплина Ёжики ;https://rash.su/files/catalog/photos/1690/img/ejiki-1690-1-6.jpg;Хлопок 100% (поплин);1960;ЕВРО
Постельное белье из поплина Ёжики ;https://rash.su/files/catalog/photos/1690/img/ejiki-1690-1-6.jpg;Хлопок 100% (поплин);2270;Семейный
Постельное белье из поплина Деффчонки ;https://rash.su/files/catalog/photos/1646/img/deffchonki-1646-1-6.jpg;Хлопок 100% (поплин);1420;1,5 сп
Постельное белье из поплина Палермо ;https://rash.su/files/catalog/photos/1645/img/palermo-1645-1-6.jpg;Хлопок 100% (поплин);1420;1,5 сп
Постельное белье из поплина Палермо ;https://rash.su/files/catalog/photos/1645/img/palermo-1645-1-6.jpg;Хлопок 100% (поплин);1740;2 сп евро
Постельное белье из поплина Палермо ;https://rash.su/files/catalog/photos/1645/img/palermo-1645-1-6.jpg;Хлопок 100% (поплин);1960;ЕВРО
Постельное белье из поплина Палермо ;https://rash.su/files/catalog/photos/1645/img/palermo-1645-1-6.jpg;Хлопок 100% (поплин);2270;Семейный
Постельное белье из поплина Колибри ;https://rash.su/files/catalog/photos/1603/img/kolibri-1603-1-6.jpg;Хлопок 100% (поплин);1420;1,5 сп
Постельное белье из поплина Колибри ;https://rash.su/files/catalog/photos/1603/img/kolibri-1603-1-6.jpg;Хлопок 100% (поплин);1740;2 сп евро
Постельное белье из поплина Колибри ;https://rash.su/files/catalog/photos/1603/img/kolibri-1603-1-6.jpg;Хлопок 100% (поплин);1960;ЕВРО
Постельное белье из поплина Колибри ;https://rash.su/files/catalog/photos/1603/img/kolibri-1603-1-6.jpg;Хлопок 100% (поплин);2270;Семейный
Постельное белье из поплина Лондон ;https://rash.su/files/catalog/photos/1583/img/london-1583-2-6.jpg;Хлопок 100% (поплин);1960;ЕВРО
Постельное белье из поплина Монамур II ;https://rash.su/files/catalog/photos/1552/img/monamur-II-1552-1-6.jpg;Хлопок 100% (поплин);1420;1,5 сп
Постельное белье из поплина Монамур II ;https://rash.su/files/catalog/photos/1552/img/monamur-II-1552-1-6.jpg;Хлопок 100% (поплин);1740;2 сп евро
Постельное белье из поплина Монамур II ;https://rash.su/files/catalog/photos/1552/img/monamur-II-1552-1-6.jpg;Хлопок 100% (поплин);1960;ЕВРО
Постельное белье из поплина Монамур II ;https://rash.su/files/catalog/photos/1552/img/monamur-II-1552-1-6.jpg;Хлопок 100% (поплин);2270;Семейный
Постельное белье из поплина Монако ;https://rash.su/files/catalog/photos/1478/img/monako-1478-1-6.jpg;Хлопок 100% (поплин);1420;1,5 сп
Постельное белье из поплина Монако ;https://rash.su/files/catalog/photos/1478/img/monako-1478-1-6.jpg;Хлопок 100% (поплин);1740;2 сп евро
Постельное белье из поплина Монако ;https://rash.su/files/catalog/photos/1478/img/monako-1478-1-6.jpg;Хлопок 100% (поплин);1960;ЕВРО
Постельное белье из поплина Монако ;https://rash.su/files/catalog/photos/1478/img/monako-1478-1-6.jpg;Хлопок 100% (поплин);2270;Семейный
Постельное белье из поплина Бабочки ;https://rash.su/files/catalog/photos/1449/img/babochki-1449-1-6.jpg;Хлопок 100% (поплин);1420;1,5 сп
Постельное белье из поплина Фламинго ;https://rash.su/files/catalog/photos/1328/img/flamingo-1328-2-6.jpg;Хлопок 100% (поплин);2270;Семейный
Постельное белье из поплина Зефир  ;https://rash.su/files/catalog/photos/1180/img/zefir-1180-1-6.jpg;Хлопок 100%;1420;1,5 сп
Постельное белье из поплина Зефир  ;https://rash.su/files/catalog/photos/1180/img/zefir-1180-1-6.jpg;Хлопок 100%;2270;Семейный
Постельное белье из поплина Мазурка ;https://rash.su/files/catalog/photos/1155/img/mazurka-1155-1-6.jpg;;1420;1,5 сп
Постельное белье из поплина Мазурка ;https://rash.su/files/catalog/photos/1155/img/mazurka-1155-1-6.jpg;;1960;ЕВРО
Постельное белье из поплина Мазурка ;https://rash.su/files/catalog/photos/1155/img/mazurka-1155-1-6.jpg;;2270;Семейный
Постельное белье из поплина Ксения ;https://rash.su/files/catalog/photos/976/img/kseniya-976-1-6.jpg;;2270;Семейный
Постельное белье из поплина Серафима ;https://rash.su/files/catalog/photos/964/img/serafima-964-1-6.jpg;;1960;ЕВРО
Постельное белье из поплина Серафима ;https://rash.su/files/catalog/photos/964/img/serafima-964-1-6.jpg;;2270;Семейный
Постельное белье из поплина Альбина ;https://rash.su/files/catalog/photos/935/img/albina-935-1-6.jpg;;1420;1,5 сп
Постельное белье из поплина Альбина ;https://rash.su/files/catalog/photos/935/img/albina-935-1-6.jpg;;1740;2 сп евро
Постельное белье из поплина Альбина ;https://rash.su/files/catalog/photos/935/img/albina-935-1-6.jpg;;1960;ЕВРО
Постельное белье из поплина Альбина ;https://rash.su/files/catalog/photos/935/img/albina-935-1-6.jpg;;2270;Семейный
Постельное белье из поплина Страсть ;https://rash.su/files/catalog/photos/836/img/strast-836-1-6.jpg;Хлопок 100% (поплин);1420;1,5 сп
Постельное белье из поплина Страсть ;https://rash.su/files/catalog/photos/836/img/strast-836-1-6.jpg;Хлопок 100% (поплин);1740;2 сп евро
Постельное белье из поплина Страсть ;https://rash.su/files/catalog/photos/836/img/strast-836-1-6.jpg;Хлопок 100% (поплин);1960;ЕВРО
Постельное белье из поплина Страсть ;https://rash.su/files/catalog/photos/836/img/strast-836-1-6.jpg;Хлопок 100% (поплин);2270;Семейный
Постельное белье из поплина Голди ;https://rash.su/files/catalog/photos/807/img/goldi-807-1-6.jpg;;1420;1,5 сп
Постельное белье из поплина Шарлеруа ;https://rash.su/files/catalog/photos/773/img/sharlerua-773-1-6.jpg;;2270;Семейный
Постельное белье из поплина Тереза ;https://rash.su/files/catalog/photos/764/img/tereza-764-1-6.jpg;;1420;1,5 сп
Постельное белье из поплина Одуванчик ;https://rash.su/files/catalog/photos/737/img/oduvanchik-737-1-6.jpg;Хлопок 100% (поплин);1420;1,5 сп
Постельное белье из поплина Одуванчик ;https://rash.su/files/catalog/photos/737/img/oduvanchik-737-1-6.jpg;Хлопок 100% (поплин);1740;2 сп евро
Постельное белье из поплина Одуванчик ;https://rash.su/files/catalog/photos/737/img/oduvanchik-737-1-6.jpg;Хлопок 100% (поплин);1960;ЕВРО
Постельное белье из поплина Одуванчик ;https://rash.su/files/catalog/photos/737/img/oduvanchik-737-1-6.jpg;Хлопок 100% (поплин);2270;Семейный
Постельное белье из поплина Полина ;https://rash.su/files/catalog/photos/736/img/polina-736-1-6.jpg;;1420;1,5 сп
Постельное белье из поплина XX век ;https://rash.su/files/catalog/photos/724/img/XX-vek-724-1-6.jpg;;2270;Семейный
Постельное белье из поплина Ирисы ;https://rash.su/files/catalog/photos/694/img/irisy-694-1-6.jpg;;1420;1,5 сп
Постельное белье из поплина Ирисы ;https://rash.su/files/catalog/photos/694/img/irisy-694-1-6.jpg;;1740;2 сп евро
Постельное белье из поплина Ирисы ;https://rash.su/files/catalog/photos/694/img/irisy-694-1-6.jpg;;1960;ЕВРО
Постельное белье из поплина Ирисы ;https://rash.su/files/catalog/photos/694/img/irisy-694-1-6.jpg;;2270;Семейный
Постельное белье из поплина Шантель ;https://rash.su/files/catalog/photos/648/img/shantel-648-1-6.jpg;;1960;ЕВРО
Постельное белье из поплина Любушка ;https://rash.su/files/catalog/photos/642/img/lyubushka-642-1-6.jpg;Хлопок 100% (поплин);1960;ЕВРО
Постельное белье из поплина Луара ;https://rash.su/files/catalog/photos/641/img/luara-641-1-6.jpg;;1420;1,5 сп
Постельное белье из поплина Презент ;https://rash.su/files/catalog/photos/427/img/prezent-427-1-6.jpg;Хлопок 100% (поплин);2270;Семейный
Постельное белье из поплина Норд ;https://rash.su/files/catalog/photos/424/img/nord-424-1-6.jpg;;1420;1,5 сп
Постельное белье из поплина Милонга ;https://rash.su/files/catalog/photos/421/img/milonga-421-3-6.jpg;;1420;1,5 сп
Постельное белье из поплина Милонга ;https://rash.su/files/catalog/photos/421/img/milonga-421-3-6.jpg;;1740;2 сп евро
Постельное белье из поплина Милонга ;https://rash.su/files/catalog/photos/421/img/milonga-421-3-6.jpg;;1960;ЕВРО
Постельное белье из поплина Милонга ;https://rash.su/files/catalog/photos/421/img/milonga-421-3-6.jpg;;2270;Семейный
Постельное белье из поплина 214 ;https://rash.su/files/catalog/photos/289/img/214-289-1-6.jpg;;2270;Семейный
Постельное белье бязь 3D Консул ;https://rash.su/files/catalog/photos/1934/img/konsul-1934-1-6.jpg;Хлопок 100% (бязь);920;1,5 сп
рис.6470 ;https://rash.su/files/catalog/photos/920/img/ris-6470-920-1-6.jpg;;875;1,5 сп
рис.6470 ;https://rash.su/files/catalog/photos/920/img/ris-6470-920-1-6.jpg;;1375;Семейный
рис.6752 ;https://rash.su/files/catalog/photos/918/img/ris-6752-918-1-6.jpg;;1375;Семейный
рис.6744 ;https://rash.su/files/catalog/photos/917/img/ris-6744-917-1-6.jpg;;875;1,5 сп
рис.6744 ;https://rash.su/files/catalog/photos/917/img/ris-6744-917-1-6.jpg;;1375;Семейный
